{"cameraMode":{"drawMode":0,"name":"Shaded","section":"Shading Mode"},"sceneLighting":true,"audioPlay":false,"sceneViewState":{"showFog":true,"showMaterialUpdate":false,"showSkybox":true,"showFlares":true,"showImageEffects":true,"showParticleSystems":true},"in2DMode":false,"pivot":{"x":6.749311447143555,"y":7.572769641876221,"z":-0.1936899572610855},"rotation":{"x":0.025669442489743234,"y":-0.9699594974517822,"z":0.2220468670129776,"w":0.10077245533466339},"size":3.668163299560547,"orthographic":false}